City_ID,City,Lat,Lng,Max Temp,Humidity,Cloudiness,Wind Speed,Country,Date
0,Kapaa,22.0752,-159.319,73.4,68,1,8.05,US,2021-03-23 19:13:49
1,Puerto Ayora,-0.7393,-90.3518,82.99,78,40,6.91,EC,2021-03-23 19:14:16
2,Ushuaia,-54.8,-68.3,48.2,93,75,9.22,AR,2021-03-23 19:11:30
3,Samarkand,39.6542,66.9597,44.6,93,75,13.8,UZ,2021-03-23 19:16:08
4,Vangaindrano,-23.35,47.6,74.3,96,100,7.23,MG,2021-03-23 19:16:08
5,Saskylakh,71.9167,114.0833,-39.77,100,63,5.57,RU,2021-03-23 19:16:09
6,Carutapera,-1.195,-46.02,81.36,81,81,7.72,BR,2021-03-23 19:16:09
7,Mar Del Plata,-38.0023,-57.5575,75.2,53,20,10.36,AR,2021-03-23 19:12:56
8,Praia Da Vitoria,38.7333,-27.0667,59.0,63,75,13.29,PT,2021-03-23 19:12:57
9,Xinyu,27.8043,114.9334,48.06,80,39,3.11,CN,2021-03-23 19:16:09
10,Shorewood,41.52,-88.2017,64.4,48,90,17.27,US,2021-03-23 19:16:10
11,Haverfordwest,51.8017,-4.9691,50.0,92,100,15.99,GB,2021-03-23 19:16:10
12,Cabo San Lucas,22.8909,-109.9124,73.4,43,75,11.5,MX,2021-03-23 19:15:05
13,Notodden,59.5594,9.2585,51.8,54,0,8.05,NO,2021-03-23 19:16:10
14,Gat,31.61,34.7642,66.0,100,91,13.65,IL,2021-03-23 19:12:05
15,Albany,42.6001,-73.9662,68.0,10,54,1.01,US,2021-03-23 19:16:11
16,Punta Arenas,-53.15,-70.9167,55.4,54,40,13.8,CL,2021-03-23 19:12:18
17,Aksu,41.1231,80.2644,50.79,37,100,1.83,CN,2021-03-23 19:16:11
18,Mantua,45.1667,10.7833,48.0,51,10,1.01,IT,2021-03-23 19:16:11
19,Chokurdakh,70.6333,147.9167,-10.48,94,100,12.57,RU,2021-03-23 19:12:15
20,Olds,51.7834,-114.102,39.2,35,45,10.36,CA,2021-03-23 19:16:11
21,Ketchikan,55.3422,-131.6461,42.8,100,90,17.27,US,2021-03-23 19:16:12
22,Bluff,-46.6,168.3333,53.01,98,92,1.01,NZ,2021-03-23 19:16:12
23,Wakefield,53.6809,-1.499,52.0,65,96,8.99,GB,2021-03-23 19:16:12
24,Partinico,38.0439,13.12,51.8,54,20,20.71,IT,2021-03-23 19:16:13
25,Arroyos Y Esteros,-25.0667,-57.1,86.0,62,20,2.3,PY,2021-03-23 19:16:13
26,Rikitea,-23.1203,-134.9692,79.21,76,23,10.38,PF,2021-03-23 19:11:53
27,San Ignacio,17.1561,-89.0714,96.8,41,0,6.91,BZ,2021-03-23 19:16:13
28,Verkhnyaya Inta,65.9811,60.3094,17.56,95,100,10.07,RU,2021-03-23 19:16:14
29,Bereda,43.2686,-7.5406,51.01,89,14,5.99,ES,2021-03-23 19:16:14
30,Morehead,37.2711,-87.1764,64.4,52,90,16.11,US,2021-03-23 19:16:14
31,Katangli,51.7102,143.2326,0.43,77,4,12.37,RU,2021-03-23 19:16:15
32,Hobart,-42.8794,147.3294,63.0,88,90,5.75,AU,2021-03-23 19:13:51
33,Busselton,-33.65,115.3333,50.0,95,0,8.39,AU,2021-03-23 19:16:15
34,Sakakah,29.9697,40.2064,87.8,11,4,14.97,SA,2021-03-23 19:16:15
35,Chuy,-33.6971,-53.4616,74.66,58,18,9.24,UY,2021-03-23 19:16:16
36,Pevek,69.7008,170.3133,1.26,82,100,5.68,RU,2021-03-23 19:11:55
37,Saint-Philippe,-21.3585,55.7679,78.8,89,20,3.44,RE,2021-03-23 19:16:16
38,Ariquemes,-9.9133,-63.0408,76.19,93,100,2.04,BR,2021-03-23 19:16:16
39,Yellowknife,62.456,-114.3525,-0.99,54,75,12.66,CA,2021-03-23 19:14:14
40,Marawi,7.9986,124.2928,75.99,91,85,5.01,PH,2021-03-23 19:12:22
41,Mataura,-46.1927,168.8643,53.01,98,100,1.01,NZ,2021-03-23 19:13:48
42,Sibolga,1.7427,98.7792,75.42,91,100,3.11,ID,2021-03-23 19:16:17
43,Hermanus,-34.4187,19.2345,68.0,80,0,7.0,ZA,2021-03-23 19:16:17
44,Kollam,8.8833,76.6,86.0,70,40,2.3,IN,2021-03-23 19:16:18
45,Lorengau,-2.0226,147.2712,79.9,81,100,5.3,PG,2021-03-23 19:12:27
46,Olafsvik,64.8945,-23.7142,34.93,63,22,7.14,IS,2021-03-23 19:16:18
47,Kaitangata,-46.2817,169.8464,52.77,93,100,3.0,NZ,2021-03-23 19:16:18
48,Sorong,-0.8833,131.25,79.3,82,100,4.27,ID,2021-03-23 19:16:19
49,Hithadhoo,-0.6,73.0833,83.41,70,100,7.31,MV,2021-03-23 19:16:19
50,Tura,25.5198,90.2201,75.15,21,3,4.21,IN,2021-03-23 19:16:19
51,Oriximina,-1.7656,-55.8661,85.26,63,84,3.15,BR,2021-03-23 19:16:20
52,Arraial Do Cabo,-22.9661,-42.0278,84.2,78,0,9.22,BR,2021-03-23 19:16:20
53,Mubi,10.2676,13.2644,83.35,41,97,2.73,NG,2021-03-23 19:16:20
54,Ribeira Grande,38.5167,-28.7,59.0,55,40,8.05,PT,2021-03-23 19:16:20
55,Bredasdorp,-34.5322,20.0403,66.2,82,53,10.36,ZA,2021-03-23 19:16:21
56,Matara,5.9485,80.5353,76.96,87,100,9.33,LK,2021-03-23 19:16:21
57,Belmonte,-15.8631,-38.8828,82.4,65,40,12.66,BR,2021-03-23 19:16:21
58,Mustang,35.3842,-97.7245,57.99,62,75,21.85,US,2021-03-23 19:16:21
59,Mehamn,71.0357,27.8492,35.6,86,75,40.29,NO,2021-03-23 19:16:22
60,Ponta Do Sol,32.6667,-17.1,62.6,59,40,10.36,PT,2021-03-23 19:11:47
61,Acolla,-11.7319,-75.5463,51.37,76,100,6.91,PE,2021-03-23 19:16:22
62,Jamestown,42.097,-79.2353,64.99,23,1,10.2,US,2021-03-23 19:13:33
63,Guerrero Negro,27.9769,-114.0611,63.19,58,5,21.23,MX,2021-03-23 19:16:22
64,Victoria,22.2855,114.1577,66.99,74,98,6.8,HK,2021-03-23 19:15:25
65,Varhaug,58.6147,5.6457,43.0,88,25,1.01,NO,2021-03-23 19:16:23
66,Auki,-8.7676,160.7034,77.02,87,99,3.29,SB,2021-03-23 19:16:23
67,Faanui,-16.4833,-151.75,83.46,73,11,20.89,PF,2021-03-23 19:16:23
68,Cape Town,-33.9258,18.4232,75.2,57,0,6.91,ZA,2021-03-23 19:15:53
69,Narsaq,60.9167,-46.05,26.6,39,40,2.3,GL,2021-03-23 19:16:24
70,Longyearbyen,78.2186,15.6401,24.8,68,40,11.5,SJ,2021-03-23 19:16:24
71,Roebourne,-20.7833,117.1333,81.21,65,13,8.57,AU,2021-03-23 19:16:25
72,Qaqortoq,60.7167,-46.0333,26.6,39,40,2.3,GL,2021-03-23 19:16:25
73,Carthage,36.8611,10.3316,51.8,58,40,5.75,TN,2021-03-23 19:16:25
74,Makakilo City,21.3469,-158.0858,75.2,88,1,4.61,US,2021-03-23 19:16:26
75,Kenora,49.8167,-94.4337,48.2,27,75,4.61,CA,2021-03-23 19:16:26
76,Muros,42.7762,-9.0603,55.0,77,2,4.0,ES,2021-03-23 19:16:26
77,Udachnyy,66.4167,112.4,-7.74,99,100,2.73,RU,2021-03-23 19:16:27
78,Khatanga,71.9667,102.5,-11.78,92,100,3.94,RU,2021-03-23 19:16:27
79,Kahului,20.8947,-156.47,75.2,83,1,0.72,US,2021-03-23 19:16:27
80,Xining,36.6167,101.7667,40.23,24,100,2.08,CN,2021-03-23 19:13:21
81,Beloha,-25.1667,45.05,71.42,84,6,4.18,MG,2021-03-23 19:16:28
82,Bethel,41.3712,-73.414,66.2,37,1,12.66,US,2021-03-23 19:13:00
83,Alofi,-19.0595,-169.9187,80.6,89,40,5.75,NU,2021-03-23 19:12:51
84,Saint-Augustin,51.226,-58.6502,37.94,99,100,7.65,CA,2021-03-23 19:16:28
85,Fortuna,40.5982,-124.1573,55.99,54,1,11.5,US,2021-03-23 19:16:28
86,Mareeba,-17.0,145.4333,77.0,88,75,1.61,AU,2021-03-23 19:16:29
87,Sorland,67.667,12.6934,37.4,93,75,11.5,NO,2021-03-23 19:16:29
88,Abnub,27.2696,31.1511,84.2,21,100,19.57,EG,2021-03-23 19:16:29
89,Cam Ranh,11.9214,109.1591,78.8,73,40,11.5,VN,2021-03-23 19:16:29
90,Saint-Pierre,-21.3393,55.4781,78.8,89,20,3.44,RE,2021-03-23 19:16:30
91,Celendin,-6.8703,-78.1517,64.4,48,75,11.5,PE,2021-03-23 19:16:30
92,Ushtobe,45.2514,77.9838,41.76,70,100,14.12,KZ,2021-03-23 19:16:30
93,Luis Gil Perez,17.8667,-93.05,91.4,49,1,6.91,MX,2021-03-23 19:16:31
94,Saint George,37.1041,-113.5841,59.0,26,40,19.57,US,2021-03-23 19:13:48
95,Pacific Grove,36.6177,-121.9166,59.0,47,1,11.5,US,2021-03-23 19:16:09
96,Yarada,17.65,83.2667,77.0,83,0,2.3,IN,2021-03-23 19:16:31
97,Constitucion,-35.3333,-72.4167,67.51,58,0,16.51,CL,2021-03-23 19:16:31
98,San Policarpo,12.1791,125.5072,79.45,83,93,14.79,PH,2021-03-23 19:16:32
99,Hervey Bay,-25.2986,152.8535,75.0,100,90,11.5,AU,2021-03-23 19:16:32
100,Mayo,38.8876,-76.5119,66.0,51,1,10.36,US,2021-03-23 19:16:33
101,Katsuura,35.1333,140.3,50.0,66,20,5.75,JP,2021-03-23 19:13:15
102,Henties Bay,-22.116,14.2845,63.0,92,0,5.01,NA,2021-03-23 19:11:58
103,Vila,42.0304,-8.1588,54.0,61,8,8.01,PT,2021-03-23 19:16:33
104,Progreso,21.2833,-89.6667,93.99,43,40,19.57,MX,2021-03-23 19:16:33
105,Vao,-22.6667,167.4833,75.22,64,97,14.23,NC,2021-03-23 19:12:10
106,Dingle,10.9995,122.6711,75.56,91,93,7.38,PH,2021-03-23 19:16:34
107,Vanimo,-2.6741,141.3028,77.94,88,100,4.52,PG,2021-03-23 19:16:34
108,Ilulissat,69.2167,-51.1,-4.0,71,75,14.97,GL,2021-03-23 19:16:35
109,Guane,22.2025,-84.0875,83.26,45,1,11.72,CU,2021-03-23 19:16:35
110,Lungi,9.2212,-12.6831,83.7,39,28,12.66,SL,2021-03-23 19:16:35
111,Port Elizabeth,-33.918,25.5701,68.0,83,0,13.8,ZA,2021-03-23 19:12:08
112,Margate,51.3813,1.3862,46.0,66,0,1.99,GB,2021-03-23 19:16:35
113,Avarua,-21.2078,-159.775,82.4,83,40,10.36,CK,2021-03-23 19:11:49
114,Tuktoyaktuk,69.4541,-133.0374,-5.8,71,20,18.41,CA,2021-03-23 19:16:36
115,Dunedin,-45.8742,170.5036,53.01,93,100,6.29,NZ,2021-03-23 19:16:36
116,Skjervoy,70.0311,20.9714,37.4,65,75,16.11,NO,2021-03-23 19:16:36
117,Hwange,-18.3693,26.5019,70.2,82,19,2.48,ZW,2021-03-23 19:16:37
118,Tasiilaq,65.6145,-37.6368,15.8,62,40,8.05,GL,2021-03-23 19:13:48
119,Winnemucca,40.973,-117.7357,39.2,45,1,26.46,US,2021-03-23 19:16:37
120,Byron Bay,-28.65,153.6167,73.0,94,75,1.14,AU,2021-03-23 19:13:59
121,Bambous Virieux,-20.3428,57.7575,80.6,83,75,4.61,MU,2021-03-23 19:16:38
122,Sem,59.2833,10.3333,39.2,100,90,10.36,NO,2021-03-23 19:16:38
123,Lebu,-37.6167,-73.65,62.64,75,4,11.03,CL,2021-03-23 19:16:38
124,Grindavik,63.8424,-22.4338,35.6,64,75,8.05,IS,2021-03-23 19:13:12
125,Hilo,19.7297,-155.09,75.2,73,40,6.91,US,2021-03-23 19:14:55
126,Yei,4.095,30.6779,74.84,62,93,4.52,SS,2021-03-23 19:16:39
127,New Norfolk,-42.7826,147.0587,63.0,76,100,4.52,AU,2021-03-23 19:16:39
128,Wangaratta,-36.3667,146.3333,62.6,88,90,9.22,AU,2021-03-23 19:16:39
129,Lexington,37.9887,-84.4777,71.01,42,20,8.05,US,2021-03-23 19:15:49
130,Mutis,6.2262,-77.4044,80.4,78,64,4.79,CO,2021-03-23 19:16:40
131,Bitung,1.4451,125.1824,77.0,94,40,2.3,ID,2021-03-23 19:16:40
132,Waitara,-38.925,174.25,53.78,77,31,5.79,NZ,2021-03-23 19:16:40
133,Benguela,-12.5763,13.4055,77.76,83,100,1.88,AO,2021-03-23 19:16:41
134,Verkhoyansk,67.5447,133.385,-14.89,95,100,3.51,RU,2021-03-23 19:16:41
135,Sam Roi Yot,12.2708,99.872,82.99,60,100,4.34,TH,2021-03-23 19:16:41
136,Dikson,73.5069,80.5464,-20.79,99,42,6.62,RU,2021-03-23 19:16:41
137,Aksarka,66.5606,67.7975,12.54,98,100,6.08,RU,2021-03-23 19:16:42
138,Sunagawa,43.4864,141.9056,39.99,79,74,9.84,JP,2021-03-23 19:16:42
139,Barrow,71.2906,-156.7887,-2.2,78,90,11.5,US,2021-03-23 19:16:42
140,Haimen,23.1935,116.6142,55.4,94,90,4.47,CN,2021-03-23 19:16:43
141,Pavlivka,49.4414,28.4596,30.2,59,0,6.71,UA,2021-03-23 19:16:43
142,Shizunai,42.3339,142.3669,37.4,85,100,12.08,JP,2021-03-23 19:16:43
143,Kali Vrisi,41.15,23.9,45.0,53,96,7.0,GR,2021-03-23 19:16:43
144,Nikolskoye,59.7035,30.7861,37.4,52,90,8.95,RU,2021-03-23 19:16:44
145,Hay River,60.8156,-115.7999,3.2,72,100,10.36,CA,2021-03-23 19:15:04
146,Sakaiminato,35.55,133.2333,41.0,87,20,6.91,JP,2021-03-23 19:16:44
147,Omsukchan,62.5333,155.8,-3.89,94,100,6.17,RU,2021-03-23 19:16:44
148,Cherskiy,68.75,161.3,1.58,92,100,6.38,RU,2021-03-23 19:16:45
149,Rincon,32.296,-81.2354,71.6,56,75,4.61,US,2021-03-23 19:16:45
150,Poum,-20.2333,164.0167,78.49,74,95,17.16,NC,2021-03-23 19:16:45
151,Nouadhibou,20.931,-17.0347,66.2,77,0,18.41,MR,2021-03-23 19:16:46
152,Dhola,21.8833,71.7833,85.06,33,0,4.25,IN,2021-03-23 19:16:46
153,Lodwar,3.1191,35.5973,89.94,30,100,21.63,KE,2021-03-23 19:16:46
154,Ucluelet,48.9329,-125.5528,48.0,81,75,6.91,CA,2021-03-23 19:16:38
155,Graaff-Reinet,-32.2522,24.5308,69.01,67,94,1.99,ZA,2021-03-23 19:16:47
156,Sisimiut,66.9395,-53.6735,-0.04,82,100,6.87,GL,2021-03-23 19:16:47
157,Te Anau,-45.4167,167.7167,52.2,94,99,3.09,NZ,2021-03-23 19:16:47
158,Vostok,46.4856,135.8833,10.94,98,67,2.3,RU,2021-03-23 19:16:47
159,Wuwei,37.9281,102.6414,42.44,15,100,1.99,CN,2021-03-23 19:16:48
160,Rio Grande,-32.035,-52.0986,75.2,73,90,5.75,BR,2021-03-23 19:13:36
161,Carnarvon,-24.8667,113.6333,71.6,78,7,14.97,AU,2021-03-23 19:16:48
162,Qui Nhon,13.7667,109.2333,71.58,90,100,11.41,VN,2021-03-23 19:16:48
163,Yulara,-25.2406,130.9889,68.0,94,0,5.75,AU,2021-03-23 19:16:49
164,Pilar,-9.5972,-35.9567,80.6,83,75,4.61,BR,2021-03-23 19:16:49
165,Pangnirtung,66.1451,-65.7125,-22.0,63,20,4.61,CA,2021-03-23 19:16:49
166,Qesarya,32.5189,34.9046,66.2,72,67,17.27,IL,2021-03-23 19:16:50
167,Hasaki,35.7333,140.8333,39.2,93,20,4.61,JP,2021-03-23 19:16:50
168,Yakeshi,49.2833,120.7333,18.43,89,10,3.71,CN,2021-03-23 19:16:50
169,Ingham,42.6,-84.3833,71.6,26,1,14.97,US,2021-03-23 19:16:51
170,East London,-33.0153,27.9116,68.0,77,20,9.22,ZA,2021-03-23 19:12:12
171,Mpika,-11.8343,31.4529,62.46,98,100,4.47,ZM,2021-03-23 19:16:51
172,Ossora,59.2353,163.0719,13.71,67,1,19.51,RU,2021-03-23 19:16:51
173,Grand Baie,-20.0182,57.5802,79.0,86,1,3.0,MU,2021-03-23 19:16:52
174,Kerema,-7.9631,145.7785,78.08,81,100,4.45,PG,2021-03-23 19:16:52
175,Strezhevoy,60.7333,77.5889,17.6,73,0,4.47,RU,2021-03-23 19:16:52
176,Mount Gambier,-37.8333,140.7667,60.8,94,90,13.8,AU,2021-03-23 19:12:02
177,Saint Anthony,45.0205,-93.218,60.8,66,1,10.36,US,2021-03-23 19:16:53
178,Liverpool,53.4106,-2.9779,53.6,66,75,11.5,GB,2021-03-23 19:15:17
179,Cayenne,4.9333,-52.3333,82.4,83,75,13.8,GF,2021-03-23 19:16:53
180,Biskamzha,53.4497,89.5272,26.35,95,100,3.74,RU,2021-03-23 19:16:53
181,Jalingo,8.8833,11.3667,88.45,44,41,6.85,NG,2021-03-23 19:16:54
182,Benghazi,32.1167,20.0667,57.11,64,58,22.68,LY,2021-03-23 19:16:54
183,San Patricio,28.017,-97.5169,87.8,25,1,8.05,US,2021-03-23 19:16:54
184,Le Marin,14.4721,-60.8697,84.2,54,20,17.27,MQ,2021-03-23 19:16:54
185,Norman Wells,65.282,-126.8329,1.4,71,20,25.32,CA,2021-03-23 19:12:58
186,Verkhnevilyuysk,63.4453,120.3167,-31.65,100,81,2.57,RU,2021-03-23 19:16:55
187,Kondinskoye,59.6481,67.41,26.73,96,100,9.06,RU,2021-03-23 19:16:55
188,Castro,-24.7911,-50.0119,76.69,72,39,4.34,BR,2021-03-23 19:16:55
189,Foz,43.5692,-7.2544,54.0,89,14,5.99,ES,2021-03-23 19:16:56
190,Myskhako,44.6714,37.7433,35.6,87,100,13.42,RU,2021-03-23 19:16:56
191,Deori Khas,23.4,79.0167,82.51,29,100,4.85,IN,2021-03-23 19:16:56
192,Bethanien,-26.502,17.1583,73.08,65,1,6.53,NA,2021-03-23 19:16:57
193,General Pico,-35.6566,-63.7568,83.01,31,0,11.88,AR,2021-03-23 19:16:57
194,Mahebourg,-20.4081,57.7,80.6,83,75,4.61,MU,2021-03-23 19:16:57
195,Tuatapere,-46.1333,167.6833,53.01,98,100,1.01,NZ,2021-03-23 19:16:57
196,Bay Roberts,47.5999,-53.2648,55.4,28,20,25.32,CA,2021-03-23 19:16:58
197,Galveston,29.3669,-94.9669,82.0,68,75,9.22,US,2021-03-23 19:15:26
198,Pangai,-19.8,-174.35,77.0,94,75,5.64,TO,2021-03-23 19:16:58
199,Ylivieska,64.0833,24.55,42.01,79,100,8.99,FI,2021-03-23 19:16:59
200,Micheweni,-4.9667,39.8333,82.35,71,1,8.23,TZ,2021-03-23 19:16:59
201,Palmer,42.1584,-72.3287,66.99,12,75,5.75,US,2021-03-23 19:16:59
202,Tallahassee,30.4383,-84.2807,80.01,53,40,8.05,US,2021-03-23 19:15:38
203,Atuona,-9.8,-139.0333,80.83,68,8,20.67,PF,2021-03-23 19:16:59
204,Llanes,43.4198,-4.7549,55.99,73,16,2.62,ES,2021-03-23 19:17:00
205,Baishishan,43.5833,127.5667,33.28,88,100,3.42,CN,2021-03-23 19:17:00
206,Lipno,52.8444,19.1785,39.99,79,100,1.99,PL,2021-03-23 19:17:00
207,Faranah,10.0404,-10.7434,91.74,28,100,6.89,GN,2021-03-23 19:17:01
208,The Valley,18.217,-63.0578,86.0,69,40,10.36,AI,2021-03-23 19:17:01
209,Maniitsoq,65.4167,-52.9,3.72,77,66,7.34,GL,2021-03-23 19:17:01
210,Noumea,-22.2763,166.4572,68.0,88,90,2.3,NC,2021-03-23 19:12:05
211,Codrington,-38.2667,141.9667,61.16,94,100,18.59,AU,2021-03-23 19:17:02
212,Los Llanos De Aridane,28.6585,-17.9182,64.4,63,0,11.5,ES,2021-03-23 19:17:02
213,College,64.8569,-147.8028,15.01,73,90,3.44,US,2021-03-23 19:13:34
214,Atripalda,40.9158,14.8246,46.99,56,37,7.78,IT,2021-03-23 19:17:02
215,Kiruna,67.8557,20.2251,30.2,80,77,10.36,SE,2021-03-23 19:17:03
216,Butaritari,3.0707,172.7902,81.55,78,99,20.24,KI,2021-03-23 19:17:03
217,Deer Lake,49.1667,-57.4316,50.0,37,75,14.97,CA,2021-03-23 19:17:03
218,Acapulco,16.8634,-99.8901,84.2,58,1,5.75,MX,2021-03-23 19:12:29
219,Zambezi,-13.5432,23.1047,67.12,91,8,5.3,ZM,2021-03-23 19:17:04
220,Broken Hill,-31.95,141.4333,55.4,76,0,8.05,AU,2021-03-23 19:17:04
221,Peniche,39.3558,-9.3811,55.99,78,0,5.99,PT,2021-03-23 19:17:04
222,Brae,60.3964,-1.353,46.4,81,100,25.32,GB,2021-03-23 19:17:05
223,Flin Flon,54.7682,-101.865,3.2,55,1,9.22,CA,2021-03-23 19:17:05
224,Bac Lieu,9.285,105.7244,82.51,70,100,21.16,VN,2021-03-23 19:17:05
225,Itaperucu,-25.22,-49.3478,78.8,65,75,4.61,BR,2021-03-23 19:17:06
226,Husavik,66.0449,-17.3389,35.6,80,40,9.22,IS,2021-03-23 19:17:06
227,Port Alfred,-33.5906,26.891,70.29,69,84,18.97,ZA,2021-03-23 19:17:06
228,Gelemso,8.8167,40.5167,65.5,14,0,4.27,ET,2021-03-23 19:17:07
229,Daru,-9.0763,143.2092,79.99,84,100,4.18,PG,2021-03-23 19:17:07
230,Banda Aceh,5.5577,95.3222,80.31,75,100,8.39,ID,2021-03-23 19:17:07
231,Savannah Bight,16.45,-85.85,86.0,66,20,5.75,HN,2021-03-23 19:17:07
232,Guadalupe Y Calvo,26.1,-106.9667,59.11,5,7,13.42,MX,2021-03-23 19:17:08
233,Pisco,-13.7,-76.2167,75.2,64,0,14.97,PE,2021-03-23 19:14:43
234,Iranshahr,27.2025,60.6848,71.6,10,0,3.38,IR,2021-03-23 19:17:08
235,Butembo,0.15,29.2833,60.69,83,65,3.98,CD,2021-03-23 19:17:09
236,Sur,22.5667,59.5289,78.44,45,0,13.27,OM,2021-03-23 19:13:41
237,Tonj,7.2737,28.6822,79.41,61,100,5.55,SS,2021-03-23 19:17:09
238,Berdigestyakh,62.0989,126.6992,-16.56,97,99,7.52,RU,2021-03-23 19:17:09
239,Praya,14.9215,-23.5087,73.4,60,40,19.57,CV,2021-03-23 19:15:16
240,Nago,26.5881,127.9761,64.4,67,75,6.91,JP,2021-03-23 19:17:10
241,Vardo,70.3705,31.1107,30.2,80,15,33.38,NO,2021-03-23 19:12:29
242,Kavieng,-2.5744,150.7967,80.94,81,100,13.78,PG,2021-03-23 19:17:10
243,Bilma,18.6853,12.9164,84.09,17,1,15.61,NE,2021-03-23 19:12:37
244,Mananara,-16.1667,49.7667,76.73,90,75,0.6,MG,2021-03-23 19:17:10
245,Nong Kung Si,16.65,103.3,75.0,73,12,6.08,TH,2021-03-23 19:17:11
246,Ust-Nera,64.5667,143.2,-8.28,97,100,6.49,RU,2021-03-23 19:17:11
247,Farafangana,-22.8167,47.8333,77.13,88,100,6.8,MG,2021-03-23 19:17:11
248,Flinders,-34.5833,150.8552,68.0,96,0,1.99,AU,2021-03-23 19:17:12
249,Antofagasta,-23.65,-70.4,71.01,64,20,14.97,CL,2021-03-23 19:17:12
250,Ancud,-41.8697,-73.8203,60.8,51,40,10.36,CL,2021-03-23 19:14:24
251,Malanje,-9.5402,16.341,66.87,88,96,3.71,AO,2021-03-23 19:17:12
252,Sao Miguel Do Araguaia,-13.275,-50.1628,86.34,57,100,3.29,BR,2021-03-23 19:17:13
253,Tubmanburg,6.8708,-10.8172,78.49,80,100,5.53,LR,2021-03-23 19:17:13
254,Padang,-0.9492,100.3543,75.2,100,90,3.44,ID,2021-03-23 19:17:13
255,Upernavik,72.7868,-56.1549,-10.37,86,100,8.79,GL,2021-03-23 19:17:13
256,Otjiwarongo,-20.4637,16.6477,67.6,79,100,2.75,NA,2021-03-23 19:17:14
257,Provideniya,64.3833,-173.3,14.72,95,100,13.13,RU,2021-03-23 19:17:14
258,Matina,10.0761,-83.2895,84.2,65,0,9.22,CR,2021-03-23 19:17:14
259,Torbay,47.6666,-52.7314,55.4,28,20,25.32,CA,2021-03-23 19:17:15
260,Nanortalik,60.1432,-45.2371,26.35,59,18,14.32,GL,2021-03-23 19:17:15
261,Vila Velha,-20.3297,-40.2925,88.0,62,20,8.05,BR,2021-03-23 19:12:50
262,Bielawa,50.6908,16.623,37.99,87,100,5.41,PL,2021-03-23 19:17:15
263,Sao Joao Da Barra,-21.6403,-41.0511,86.0,62,40,9.22,BR,2021-03-23 19:17:16
264,Phangnga,8.4509,98.5298,80.6,78,20,3.44,TH,2021-03-23 19:17:16
265,Teya,60.3778,92.6267,-1.88,100,99,2.55,RU,2021-03-23 19:17:16
266,Talaya,61.3833,152.75,-6.61,99,100,2.64,RU,2021-03-23 19:17:17
267,Bowen,-20.0167,148.2333,75.2,94,53,5.35,AU,2021-03-23 19:17:17
268,Lagoa,39.05,-27.9833,54.91,54,23,9.73,PT,2021-03-23 19:17:17
269,San Felipe,10.3399,-68.7425,81.81,70,89,6.24,VE,2021-03-23 19:17:18
270,Puerto Baquerizo Moreno,-0.9,-89.6,80.6,83,75,5.75,EC,2021-03-23 19:17:18
271,Pierre,44.3683,-100.351,54.0,50,75,12.66,US,2021-03-23 19:15:28
272,Hualmay,-11.0964,-77.6139,75.81,68,90,11.41,PE,2021-03-23 19:17:18
273,Kodiak,57.79,-152.4072,35.6,69,1,13.8,US,2021-03-23 19:17:18
274,Asau,46.4333,26.4,30.99,61,100,8.41,RO,2021-03-23 19:17:19
275,Bongandanga,1.5,21.05,75.87,73,19,3.47,CD,2021-03-23 19:17:19
276,Namtsy,62.7161,129.6658,-11.2,58,0,6.71,RU,2021-03-23 19:17:19
277,Klaksvik,62.2266,-6.589,44.6,81,75,39.12,FO,2021-03-23 19:17:20
278,Salta,-24.7859,-65.4117,69.8,64,75,8.05,AR,2021-03-23 19:17:20
279,Iracoubo,5.4802,-53.2011,78.28,88,100,11.36,GF,2021-03-23 19:17:20
280,Avera,33.194,-82.5271,73.4,49,40,9.22,US,2021-03-23 19:17:21
281,Awjilah,29.1081,21.2869,58.95,41,0,16.67,LY,2021-03-23 19:17:21
282,Tottori,35.5,134.2333,45.1,75,0,8.23,JP,2021-03-23 19:17:21
283,Warangal,18.0,79.5833,80.35,41,6,9.19,IN,2021-03-23 19:17:22
284,Linguere,15.3953,-15.1193,102.2,10,0,4.61,SN,2021-03-23 19:17:22
285,Khipro,25.8285,69.3772,80.6,25,0,4.94,PK,2021-03-23 19:17:22
286,Sangar,63.9242,127.4739,-26.99,97,94,7.02,RU,2021-03-23 19:17:22
287,Port Hardy,50.6996,-127.4199,42.8,81,90,2.3,CA,2021-03-23 19:13:02
288,Srivardhan,18.0333,73.0167,82.83,53,61,6.62,IN,2021-03-23 19:17:23
289,Jacareacanga,-6.2222,-57.7528,81.93,75,100,2.66,BR,2021-03-23 19:17:23
290,Coihaique,-45.5752,-72.0662,55.4,44,75,10.36,CL,2021-03-23 19:12:33
291,Rio Gallegos,-51.6226,-69.2181,57.2,44,20,14.97,AR,2021-03-23 19:17:23
292,Cockburn Town,21.4612,-71.1419,82.4,65,20,9.22,TC,2021-03-23 19:17:24
293,Cururupu,-1.8283,-44.8683,84.43,65,66,6.55,BR,2021-03-23 19:17:24
294,Viedma,-40.8135,-62.9967,87.71,18,6,18.63,AR,2021-03-23 19:17:24
295,Amarante Do Maranhao,-5.5667,-46.7422,81.7,76,100,4.43,BR,2021-03-23 19:17:24
296,Georgetown,5.4112,100.3354,78.8,94,20,2.3,MY,2021-03-23 19:15:11
297,Salalah,17.0151,54.0924,80.6,78,0,1.14,OM,2021-03-23 19:17:25
298,Ambilobe,-13.2,49.05,74.07,96,81,2.59,MG,2021-03-23 19:17:25
299,Namibe,-15.1961,12.1522,74.16,79,100,6.11,AO,2021-03-23 19:17:25
300,Alta Floresta,-9.8756,-56.0861,87.8,66,40,6.91,BR,2021-03-23 19:17:26
301,Kalabo,-14.97,22.6814,73.92,66,100,4.41,ZM,2021-03-23 19:17:26
302,Khyriv,49.5333,22.8524,37.99,100,99,11.01,UA,2021-03-23 19:17:26
303,Kincardine,56.0667,-3.7167,50.0,71,90,21.85,GB,2021-03-23 19:17:26
304,Mehran,33.1222,46.1646,60.8,55,75,9.22,IR,2021-03-23 19:17:27
305,Hambantota,6.1241,81.1185,79.92,78,100,14.74,LK,2021-03-23 19:17:27
306,Gizo,-8.103,156.8419,81.57,78,96,6.4,SB,2021-03-23 19:17:27
307,Mastic Beach,40.7668,-72.8521,64.4,39,1,8.05,US,2021-03-23 19:17:28
308,Aswan,24.0934,32.907,91.6,11,0,9.91,EG,2021-03-23 19:17:28
309,Haines Junction,60.7522,-137.5108,19.4,58,100,1.14,CA,2021-03-23 19:13:29
310,Vanderhoof,54.0166,-124.0198,37.92,66,100,6.17,CA,2021-03-23 19:15:05
311,Vaini,-21.2,-175.2,73.4,100,90,2.3,TO,2021-03-23 19:17:28
312,Tacoronte,28.4769,-16.4102,64.99,82,20,13.8,ES,2021-03-23 19:17:29
313,Bonavista,48.6499,-53.1147,55.4,28,6,12.66,CA,2021-03-23 19:17:29
314,Yelizovo,53.1873,158.3805,21.2,58,30,6.71,RU,2021-03-23 19:17:29
315,Pocatello,42.8713,-112.4455,41.0,48,75,21.85,US,2021-03-23 19:17:30
316,San Cristobal,7.7669,-72.225,87.8,55,40,4.61,VE,2021-03-23 19:17:30
317,Wonthaggi,-38.6044,145.5913,63.0,96,100,8.12,AU,2021-03-23 19:17:30
318,Champerico,14.3,-91.9167,86.0,70,40,13.8,GT,2021-03-23 19:17:30
319,Rovaniemi,66.5,25.7167,37.4,52,0,11.5,FI,2021-03-23 19:12:39
320,Abu Kamal,34.4506,40.9171,73.98,43,100,15.37,SY,2021-03-23 19:17:31
321,Vzmorye,54.6961,20.2361,39.2,87,90,8.95,RU,2021-03-23 19:17:31
322,Metro,-5.1131,105.3067,74.91,91,99,3.85,ID,2021-03-23 19:17:31
323,Cedar City,37.6775,-113.0619,36.0,80,90,4.61,US,2021-03-23 19:13:07
324,Atar,20.5169,-13.0499,87.28,10,0,9.48,MR,2021-03-23 19:12:33
325,Takoradi,4.8845,-1.7554,80.53,78,97,10.0,GH,2021-03-23 19:17:32
326,Lukovetskiy,64.2956,41.9211,32.0,64,75,17.9,RU,2021-03-23 19:17:32
327,Narasannapeta,18.4167,84.05,77.54,64,3,4.29,IN,2021-03-23 19:17:32
328,Lavrentiya,65.5833,-171.0,9.9,94,100,15.08,RU,2021-03-23 19:17:33
329,Powell River,49.8496,-124.5361,44.6,76,75,5.75,CA,2021-03-23 19:17:33
330,Quatre Cocos,-20.2078,57.7625,80.6,83,75,4.61,MU,2021-03-23 19:17:33
331,Vredefort,-27.0081,27.3646,66.09,62,100,7.47,ZA,2021-03-23 19:17:33
332,Ejido,8.5514,-71.2375,74.75,77,100,4.07,VE,2021-03-23 19:17:34
333,Tibiri,13.5627,7.0485,98.6,9,99,6.91,NE,2021-03-23 19:17:34
334,Lata,40.1629,-8.3327,55.0,85,0,3.91,PT,2021-03-23 19:17:35
335,Mingshui,36.7167,117.5,57.99,50,0,1.01,CN,2021-03-23 19:17:35
336,Port Blair,11.6667,92.75,81.79,74,100,2.86,IN,2021-03-23 19:17:35
337,Tashla,51.7716,52.7427,26.91,93,100,8.72,RU,2021-03-23 19:17:35
338,Okha,53.5739,142.9478,-5.49,78,0,14.92,RU,2021-03-23 19:17:36
339,Hofn,64.2539,-15.2082,38.35,46,100,9.98,IS,2021-03-23 19:17:36
340,Bagong Tanza,16.9844,121.6121,71.15,94,75,1.16,PH,2021-03-23 19:17:36
341,Saldanha,-33.0117,17.9442,86.0,26,3,4.61,ZA,2021-03-23 19:17:37
342,Prince Albert,53.2001,-105.7677,15.8,48,75,8.05,CA,2021-03-23 19:17:37
343,Ayagoz,47.9714,80.4392,33.84,97,98,21.34,KZ,2021-03-23 19:17:37
344,Chimbote,-9.0853,-78.5783,75.76,68,100,12.75,PE,2021-03-23 19:17:38
345,Naze,28.3667,129.4833,58.05,63,100,8.77,JP,2021-03-23 19:17:38
346,Viareggio,43.8735,10.2558,48.2,76,0,4.61,IT,2021-03-23 19:16:07
347,Mitu,1.1983,-70.1733,73.06,95,100,2.95,CO,2021-03-23 19:16:07
348,Clyde River,70.4692,-68.5914,-11.2,64,75,11.5,CA,2021-03-23 19:17:39
349,Porto Novo,6.4965,2.6036,78.8,78,20,9.22,BJ,2021-03-23 19:17:39
350,Kruisfontein,-34.0033,24.7314,68.0,78,0,5.99,ZA,2021-03-23 19:17:39
351,Road Town,18.4167,-64.6167,84.2,65,40,5.75,VG,2021-03-23 19:17:40
352,Kitimat,54.0524,-128.6534,39.0,92,100,4.0,CA,2021-03-23 19:15:04
353,Luderitz,-26.6481,15.1594,66.07,77,3,5.68,NA,2021-03-23 19:17:40
354,Fairbanks,64.8378,-147.7164,15.01,85,75,4.61,US,2021-03-23 19:17:40
355,Smithers,54.7804,-127.1743,39.2,65,90,14.97,CA,2021-03-23 19:15:04
356,Tulagi,-9.0996,160.1476,81.91,74,100,3.38,SB,2021-03-23 19:17:41
357,Umea,63.8284,20.2597,44.6,70,0,9.22,SE,2021-03-23 19:17:41
358,Gusau,12.1628,6.6614,92.21,23,100,7.11,NG,2021-03-23 19:17:41
359,Zhumadian,32.9794,114.0294,46.08,76,0,4.52,CN,2021-03-23 19:17:41
360,Luena,-11.7833,19.9167,66.85,85,68,3.91,AO,2021-03-23 19:13:39
361,Bex,46.2521,7.0114,50.0,46,0,10.36,CH,2021-03-23 19:17:42
362,Saint-Francois,46.4154,3.9054,46.4,66,0,4.61,FR,2021-03-23 19:13:19
363,Hashtrud,37.4779,47.0508,52.03,65,99,20.0,IR,2021-03-23 19:17:42
364,Emba,48.8264,58.1442,23.86,86,100,11.65,KZ,2021-03-23 19:17:43
365,Yumbe,3.4651,31.2469,78.84,41,100,2.55,UG,2021-03-23 19:17:43
366,Sao Filipe,14.8961,-24.4956,70.21,75,0,14.29,CV,2021-03-23 19:17:43
367,Ajdabiya,30.7554,20.2263,59.36,52,6,23.87,LY,2021-03-23 19:17:44
368,Wynyard,-41.0,145.7167,59.0,88,100,11.99,AU,2021-03-23 19:17:44
369,Corinto,37.9407,22.9573,46.99,65,100,3.0,GR,2021-03-23 19:17:44
370,Airai,-8.9266,125.4092,59.77,90,94,0.92,TL,2021-03-23 19:17:45
371,Ligayan,4.6533,119.4706,81.55,77,89,7.29,PH,2021-03-23 19:17:45
372,Erzin,36.9559,36.2,63.0,82,92,7.0,TR,2021-03-23 19:17:46
373,Leningradskiy,69.3833,178.4167,-3.69,96,100,4.65,RU,2021-03-23 19:17:46
374,Carballo,43.213,-8.691,53.6,76,75,5.75,ES,2021-03-23 19:17:47
375,Ostersund,63.1792,14.6357,41.0,70,90,4.61,SE,2021-03-23 19:17:47
376,Shingu,33.7333,135.9833,43.57,66,0,5.5,JP,2021-03-23 19:17:47
377,Omboue,-1.5746,9.2618,79.56,83,75,7.78,GA,2021-03-23 19:17:16
378,Baherden,38.4362,57.4316,62.74,47,5,7.16,TM,2021-03-23 19:17:48
379,Hilpoltstein,49.19,11.1886,41.0,75,75,2.3,DE,2021-03-23 19:17:48
380,Kumluca,36.3703,30.2869,56.03,75,5,14.16,TR,2021-03-23 19:17:49
381,Colomi,-17.35,-65.8667,75.2,35,40,5.75,BO,2021-03-23 19:17:49
382,Bengkulu,-3.8004,102.2655,75.15,89,98,5.17,ID,2021-03-23 19:17:49
383,Tela,15.7833,-87.45,86.0,89,40,9.22,HN,2021-03-23 19:17:49
384,Hamilton,39.1834,-84.5333,70.0,37,90,9.22,US,2021-03-23 19:15:00
385,Necochea,-38.5473,-58.7368,82.0,41,0,3.0,AR,2021-03-23 19:17:50
386,Baruun-Urt,46.6806,113.2792,31.37,69,2,6.49,MN,2021-03-23 19:17:50
387,Severo-Kurilsk,50.6789,156.125,24.06,79,3,9.42,RU,2021-03-23 19:17:51
388,Taksimo,56.3444,114.8794,14.0,88,100,2.93,RU,2021-03-23 19:17:51
389,Nongstoin,25.5167,91.2667,61.83,30,26,2.93,IN,2021-03-23 19:17:51
390,Srednekolymsk,67.45,153.6833,-1.86,97,100,9.17,RU,2021-03-23 19:17:51
391,Burnie,-41.0667,145.9167,59.0,88,100,11.99,AU,2021-03-23 19:17:52
392,Ocos,14.5094,-92.1933,91.4,49,40,11.5,GT,2021-03-23 19:17:52
393,Broome,42.2506,-75.833,66.0,20,1,11.5,US,2021-03-23 19:17:52
394,Umm Lajj,25.0213,37.2685,87.19,24,0,26.28,SA,2021-03-23 19:17:53
395,Alakurtti,66.9672,30.3491,31.5,74,100,10.92,RU,2021-03-23 19:17:53
396,Acapetahua,15.2833,-92.7,91.4,49,40,11.5,MX,2021-03-23 19:17:53
397,Otrado-Olginskoye,45.3104,40.9397,37.83,93,100,8.19,RU,2021-03-23 19:17:54
398,Sheksna,59.21,38.5107,24.8,68,0,6.71,RU,2021-03-23 19:17:54
399,Raton,36.9034,-104.4391,46.4,31,90,8.05,US,2021-03-23 19:17:54
400,Buraydah,26.326,43.975,84.2,24,0,9.22,SA,2021-03-23 19:14:03
401,Bonfim,3.0833,-59.95,82.4,74,75,13.8,BR,2021-03-23 19:17:55
402,San Rafael,-34.6177,-68.3301,82.4,26,0,17.05,AR,2021-03-23 19:17:55
403,Ayan,56.45,138.1667,3.29,61,100,19.55,RU,2021-03-23 19:17:55
404,Krasavino,60.9614,46.4814,17.02,95,53,5.46,RU,2021-03-23 19:17:56
405,Langsa,4.4683,97.9683,74.53,96,100,3.58,ID,2021-03-23 19:17:56
406,Petropavlivka,48.4564,36.4367,32.13,80,30,7.38,UA,2021-03-23 19:17:56
407,Bay Saint Louis,30.3088,-89.33,60.8,100,90,3.44,US,2021-03-23 19:17:57
408,Nesna,66.1967,13.0213,44.01,93,75,26.46,NO,2021-03-23 19:17:57
409,Monterey,36.2505,-121.2516,61.0,54,0,14.0,US,2021-03-23 19:17:57
410,Bayangol,50.6977,103.4656,19.47,94,100,3.44,RU,2021-03-23 19:17:58
411,Livingston,55.9029,-3.5226,50.0,71,90,21.85,GB,2021-03-23 19:17:58
412,La Ronge,55.1001,-105.2842,5.0,56,25,5.75,CA,2021-03-23 19:17:58
413,Krasnoarmeysk,51.0239,45.6969,32.0,95,100,4.0,RU,2021-03-23 19:17:59
414,Tarabha,20.7333,83.65,80.49,26,4,2.21,IN,2021-03-23 19:17:59
415,Zyryanka,65.75,150.85,-5.3,93,100,16.93,RU,2021-03-23 19:17:59
416,Urengoy,65.9667,78.3667,20.93,95,100,14.47,RU,2021-03-23 19:17:59
417,Passau,48.5712,13.449,41.0,71,90,3.11,DE,2021-03-23 19:18:00
418,Wenling,28.3669,121.36,53.01,91,100,6.6,CN,2021-03-23 19:18:00
419,Thompson,55.7435,-97.8558,3.2,51,1,11.5,CA,2021-03-23 19:14:30
420,Kismayo,-0.3582,42.5454,80.85,80,93,13.11,SO,2021-03-23 19:18:00
421,Iquique,-20.2208,-70.1431,73.4,53,0,18.41,CL,2021-03-23 19:13:07
422,Egvekinot,66.3167,-179.1667,7.61,95,100,9.53,RU,2021-03-23 19:18:01
423,Tevaitoa,-16.7833,-151.5,83.3,74,10,21.56,PF,2021-03-23 19:18:01
424,Monzon,41.9108,0.1941,50.0,76,0,3.44,ES,2021-03-23 19:18:01
425,Staunton,38.1496,-79.0717,57.0,82,90,7.36,US,2021-03-23 19:17:29
426,Saquarema,-22.92,-42.5103,84.2,78,0,9.22,BR,2021-03-23 19:18:02
427,Trairi,-3.2778,-39.2689,81.72,72,46,8.1,BR,2021-03-23 19:18:03
428,Toora-Khem,52.4675,96.11,20.01,96,99,1.5,RU,2021-03-23 19:18:03
429,Powell,40.1578,-83.0752,68.0,34,20,11.5,US,2021-03-23 19:18:03
430,Kunming,25.0389,102.7183,54.0,87,0,4.47,CN,2021-03-23 19:18:04
431,Conde,-7.2597,-34.9075,84.2,70,20,11.5,BR,2021-03-23 19:18:04
432,Colares,38.7992,-9.4469,55.99,76,20,16.11,PT,2021-03-23 19:18:04
433,Zhangjiakou,40.81,114.8794,41.74,40,5,6.8,CN,2021-03-23 19:18:05
434,Yamada,39.4667,141.95,38.62,72,47,7.81,JP,2021-03-23 19:18:05
435,Kyren,51.6828,102.1408,29.37,73,98,5.12,RU,2021-03-23 19:18:05
436,Hovd,48.0056,91.6419,35.67,24,100,5.46,MN,2021-03-23 19:13:37
437,Guaruja,-23.9931,-46.2564,87.01,74,75,5.75,BR,2021-03-23 19:18:06
438,Ahipara,-35.1667,173.1667,56.88,85,0,4.76,NZ,2021-03-23 19:18:06
439,Ilhabela,-23.7781,-45.3581,82.15,71,17,4.74,BR,2021-03-23 19:18:06
440,Touros,-5.1989,-35.4608,86.0,62,40,14.97,BR,2021-03-23 19:18:07
441,Chara,56.9064,118.2631,3.06,81,85,1.32,RU,2021-03-23 19:13:48
442,Kirakira,-10.4544,161.9205,79.34,84,9,4.18,SB,2021-03-23 19:18:07
443,Ostrovnoy,68.0531,39.5131,30.67,95,99,15.73,RU,2021-03-23 19:18:08
444,Qaanaaq,77.484,-69.3632,-14.84,70,98,4.18,GL,2021-03-23 19:18:08
445,Oranjemund,-28.55,16.4333,66.54,78,0,4.16,NA,2021-03-23 19:13:33
446,Tucuman,-26.8241,-65.2226,77.0,65,75,10.36,AR,2021-03-23 19:15:31
447,Ramanathapuram,9.3833,78.8333,82.18,70,7,14.29,IN,2021-03-23 19:18:08
448,Hailar,49.2,119.7,29.52,65,7,7.11,CN,2021-03-23 19:18:09
449,Abha,18.2164,42.5053,66.2,45,0,6.91,SA,2021-03-23 19:18:09
450,Vitim,59.4511,112.5578,11.1,97,100,2.08,RU,2021-03-23 19:18:09
451,Urumqi,43.801,87.6005,39.2,75,100,2.24,CN,2021-03-23 19:18:10
452,Madimba,-10.4,40.3333,78.58,85,83,3.42,TZ,2021-03-23 19:18:10
453,Beira,-19.8436,34.8389,82.4,69,75,11.5,MZ,2021-03-23 19:18:10
454,Nome,64.5011,-165.4064,1.4,78,90,17.27,US,2021-03-23 19:18:11
455,San Quintin,30.4833,-115.95,58.1,72,99,19.13,MX,2021-03-23 19:18:11
456,Marrakesh,31.6315,-8.0083,71.6,24,20,6.91,MA,2021-03-23 19:15:56
457,Ngunguru,-35.6167,174.5,55.0,95,24,1.99,NZ,2021-03-23 19:18:11
458,Nadym,65.5333,72.5167,16.3,95,29,11.9,RU,2021-03-23 19:18:12
459,Tolstoy-Yurt,43.4444,45.7722,44.6,93,75,4.47,RU,2021-03-23 19:18:12
460,Zaria,11.1113,7.7227,85.91,30,29,9.08,NG,2021-03-23 19:18:12
461,Rock Sound,24.9,-76.2,72.95,75,6,2.06,BS,2021-03-23 19:18:12
462,Johnson City,36.3134,-82.3535,66.99,48,75,8.05,US,2021-03-23 19:18:13
463,Robertsganj,24.7,83.0667,78.06,22,27,5.46,IN,2021-03-23 19:18:13
464,Beringovskiy,63.05,179.3167,29.25,89,100,17.72,RU,2021-03-23 19:13:22
465,Madang,-5.2246,145.7966,75.43,92,89,5.44,PG,2021-03-23 19:18:13
466,Cidreira,-30.1811,-50.2056,71.24,94,100,6.89,BR,2021-03-23 19:18:14
467,Metlaltoyuca,20.7333,-97.85,95.0,38,1,9.22,MX,2021-03-23 19:18:14
468,Nemuro,43.3236,145.575,37.29,71,100,28.19,JP,2021-03-23 19:18:14
469,Buenaventura,3.8801,-77.0312,85.03,64,76,5.95,CO,2021-03-23 19:18:15
470,Doha,25.2867,51.5333,82.4,21,0,3.44,QA,2021-03-23 19:18:15
471,Boa Vista,2.8197,-60.6733,78.8,83,90,11.5,BR,2021-03-23 19:13:20
472,Guadalupe,25.6833,-100.25,87.01,34,40,4.72,MX,2021-03-23 19:17:16
473,Derzhavinsk,51.1,66.3167,12.07,99,94,9.64,KZ,2021-03-23 19:18:15
474,Nanpara,27.8667,81.5,79.0,53,32,1.99,IN,2021-03-23 19:18:16
475,Meulaboh,4.1363,96.1285,76.93,87,99,3.74,ID,2021-03-23 19:18:16
476,Akdepe,42.0551,59.3788,46.4,66,0,18.41,TM,2021-03-23 19:18:16
477,Trincomalee,8.5711,81.2335,81.91,71,23,8.48,LK,2021-03-23 19:18:17
478,Brigantine,39.4101,-74.3646,62.6,59,1,14.97,US,2021-03-23 19:18:17
479,Canico,32.6333,-16.85,62.6,59,40,11.5,PT,2021-03-23 19:18:17
480,Lichinga,-13.3128,35.2406,68.0,88,75,8.05,MZ,2021-03-23 19:18:18
481,Tilichiki,60.4667,166.1,8.62,93,100,4.52,RU,2021-03-23 19:18:18
482,Sterling,39.0062,-77.4286,68.0,48,90,10.36,US,2021-03-23 19:18:18
483,Turayf,31.6725,38.6637,80.6,34,75,16.11,SA,2021-03-23 19:18:18
484,Cukai,4.25,103.4167,80.6,89,100,8.05,MY,2021-03-23 19:17:20
485,Maragheh,37.3917,46.2398,51.8,76,90,9.22,IR,2021-03-23 19:18:19
486,Tsiroanomandidy,-18.7667,46.0333,67.59,96,100,2.77,MG,2021-03-23 19:18:19
487,Helmbrechts,50.2356,11.7159,37.4,81,75,4.61,DE,2021-03-23 19:18:19
488,Itacoatiara,-3.1431,-58.4442,86.49,65,51,3.02,BR,2021-03-23 19:18:20
489,Conceicao Do Araguaia,-8.2578,-49.2647,83.5,73,100,4.68,BR,2021-03-23 19:18:20
490,Itoman,26.1247,127.6694,64.4,63,75,4.61,JP,2021-03-23 19:18:20
491,Murud,18.3258,72.965,83.59,50,96,6.78,IN,2021-03-23 19:18:21
492,Popondetta,-8.7537,148.2534,74.05,94,100,2.46,PG,2021-03-23 19:18:21
493,Aklavik,68.2191,-135.0107,-4.0,65,40,16.11,CA,2021-03-23 19:18:21
494,Woodstock,43.1334,-80.7497,64.0,27,100,6.91,CA,2021-03-23 19:18:21
495,Sao Jose Da Coroa Grande,-8.8978,-35.1478,82.76,66,29,10.11,BR,2021-03-23 19:18:22
496,Kununurra,-15.7667,128.7333,77.0,100,35,3.6,AU,2021-03-23 19:18:22
497,Mangawan,24.6833,81.55,82.08,21,100,6.8,IN,2021-03-23 19:18:23
498,Hirado,33.3597,129.5531,50.0,51,71,1.01,JP,2021-03-23 19:18:23
499,Kantunilkin,21.0917,-87.45,84.2,65,40,18.41,MX,2021-03-23 19:18:23
500,Takapau,-40.0333,176.35,42.01,94,0,1.88,NZ,2021-03-23 19:18:24
501,Katherine,-14.4667,132.2667,78.8,94,40,3.44,AU,2021-03-23 19:18:24
502,Grand Gaube,-20.0064,57.6608,79.0,86,0,3.0,MU,2021-03-23 19:18:24
503,Rocha,-34.4833,-54.3333,74.01,61,63,7.23,UY,2021-03-23 19:18:25
504,Isangel,-19.55,169.2667,73.4,94,75,9.42,VU,2021-03-23 19:18:25
505,Thohoyandou,-22.9456,30.485,66.43,77,53,1.23,ZA,2021-03-23 19:18:25
506,Smirnykh,49.75,142.8333,12.31,88,92,10.16,RU,2021-03-23 19:18:25
507,Esperance,-33.8667,121.9,55.4,82,90,9.55,AU,2021-03-23 19:18:26
508,Panama City,8.9936,-79.5197,90.0,55,40,5.75,PA,2021-03-23 19:15:57
509,Tiksi,71.6872,128.8694,-25.22,100,100,4.41,RU,2021-03-23 19:18:26
510,Kailua,21.4022,-157.7394,75.2,73,75,4.61,US,2021-03-23 19:18:26
511,Klyuchevskiy,53.5317,119.4519,11.14,96,100,3.11,RU,2021-03-23 19:18:27
512,Hami,42.8,93.45,47.28,30,43,1.54,CN,2021-03-23 19:18:27
513,Qasigiannguit,68.8193,-51.1922,-4.0,71,75,14.97,GL,2021-03-23 19:18:27
514,Namatanai,-3.6667,152.4333,78.62,83,100,6.11,PG,2021-03-23 19:18:28
515,Ugoofaaru,5.6667,73.0,81.61,75,84,7.16,MV,2021-03-23 19:18:28
516,Ola,59.5833,151.2833,0.25,97,100,7.11,RU,2021-03-23 19:18:28
517,Sidi Ali,36.0998,0.4206,52.52,54,5,2.48,DZ,2021-03-23 19:18:29
518,Souillac,-20.5167,57.5167,80.6,83,75,4.61,MU,2021-03-23 19:18:29
519,Dera Bugti,29.0307,69.151,70.41,31,0,0.16,PK,2021-03-23 19:18:29
520,Korla,41.7597,86.1469,50.61,36,100,3.2,CN,2021-03-23 19:18:30
521,Kidal,18.4411,1.4078,85.37,5,46,11.5,ML,2021-03-23 19:18:30
522,Nizhniy Mamon,50.1937,40.5083,32.76,95,100,11.83,RU,2021-03-23 19:18:30
523,Chardara,41.2547,67.9692,44.1,73,4,11.25,KZ,2021-03-23 19:18:31
524,Lasa,46.6166,10.7002,51.8,55,0,8.05,IT,2021-03-23 19:18:31
525,Adjumani,3.3779,31.7909,82.11,40,100,3.58,UG,2021-03-23 19:18:31
526,Korem,12.5058,39.5228,55.58,22,0,3.58,ET,2021-03-23 19:18:31
527,Molango,20.7833,-98.7167,85.24,9,0,4.52,MX,2021-03-23 19:18:32
528,Plouzane,48.3833,-4.6167,48.2,76,90,8.05,FR,2021-03-23 19:18:32
529,Oskemen,49.9565,82.6119,41.0,70,90,6.71,KZ,2021-03-23 19:18:32
530,Imeni Zhelyabova,58.9544,36.5956,19.99,93,21,5.08,RU,2021-03-23 19:18:33
531,Kargasok,59.0556,80.8572,7.39,98,89,4.59,RU,2021-03-23 19:18:33
532,Nova Olinda Do Norte,-3.8881,-59.0942,81.52,88,91,2.35,BR,2021-03-23 19:18:33
533,Krasnoselkup,65.7,82.4667,18.36,94,100,15.03,RU,2021-03-23 19:18:34
534,Sampit,-2.5333,112.95,73.26,99,100,3.06,ID,2021-03-23 19:13:49
535,Ilebo,-4.3167,20.5833,75.99,80,97,1.1,CD,2021-03-23 19:18:34
536,Tamiami,25.7587,-80.3984,81.0,47,20,10.36,US,2021-03-23 19:18:34
537,Quebrangulo,-9.3189,-36.4711,80.58,64,48,11.77,BR,2021-03-23 19:18:35
538,Mezen,65.8522,44.24,26.42,95,100,13.24,RU,2021-03-23 19:18:35
539,Vila Do Maio,15.1333,-23.2167,73.4,60,40,19.57,CV,2021-03-23 19:18:35
540,Bathsheba,13.2167,-59.5167,84.2,51,40,21.85,BB,2021-03-23 19:18:36
541,Svobodnyy,51.4,128.1333,16.27,68,97,4.38,RU,2021-03-23 19:18:36
542,Gushikawa,26.3544,127.8686,64.4,67,75,6.91,JP,2021-03-23 19:18:36
543,Kavaratti,10.5669,72.642,83.17,73,1,8.14,IN,2021-03-23 19:18:36
544,Ifo,6.8144,3.1958,80.82,75,100,6.96,NG,2021-03-23 19:18:37
545,Rawson,-43.3002,-65.1023,82.6,18,41,21.99,AR,2021-03-23 19:18:37
546,Binzhou,37.3667,118.0167,51.03,56,2,6.96,CN,2021-03-23 19:18:37
547,Paracuru,-3.41,-39.0306,82.0,71,46,13.0,BR,2021-03-23 19:18:38
548,Shumskiy,54.8318,99.1328,22.35,95,26,3.47,RU,2021-03-23 19:18:38
549,Lubao,14.9167,120.55,77.0,88,90,2.3,PH,2021-03-23 19:18:38
550,Clarence Town,-32.5833,151.7833,69.8,78,0,17.27,AU,2021-03-23 19:18:39
551,Vernon,50.2581,-119.2691,46.99,42,100,2.3,CA,2021-03-23 19:18:39
552,Sexsmith,55.35,-118.786,30.2,74,90,4.61,CA,2021-03-23 19:18:39
553,Grootfontein,-19.5667,18.1167,68.0,88,39,2.3,NA,2021-03-23 19:18:40
554,Harda,22.3333,77.1,81.45,33,100,10.69,IN,2021-03-23 19:18:40
555,Abu Dhabi,24.4667,54.3667,75.2,69,0,1.14,AE,2021-03-23 19:15:05
556,Severo-Yeniseyskiy,60.3725,93.0408,-0.71,99,99,3.29,RU,2021-03-23 19:18:40
557,Dickinson,29.4608,-95.0513,82.0,32,1,9.22,US,2021-03-23 19:15:25
558,Manokwari,-0.8667,134.0833,78.28,78,100,2.98,ID,2021-03-23 19:18:41
559,Framingham,42.2793,-71.4162,68.0,36,4,4.0,US,2021-03-23 19:18:41
560,Amga,60.8953,131.9608,-12.57,93,100,7.25,RU,2021-03-23 19:18:41
561,Half Moon Bay,37.4636,-122.4286,62.01,31,1,14.97,US,2021-03-23 19:17:46
562,Mabaruma,8.2,-59.7833,83.32,61,75,8.79,GY,2021-03-23 19:18:42
563,Baykit,61.67,96.37,-3.69,99,81,2.95,RU,2021-03-23 19:18:42
564,Jardim,-21.4803,-56.1381,92.44,35,96,6.89,BR,2021-03-23 19:18:42
565,George Town,5.4112,100.3354,81.0,89,40,2.3,MY,2021-03-23 19:18:35
566,Novaya Ladoga,60.1025,32.3019,35.01,16,100,13.02,RU,2021-03-23 19:18:43
567,Cap Malheureux,-19.9842,57.6142,79.0,86,0,3.0,MU,2021-03-23 19:18:43
568,Sobolevo,54.4299,31.8996,16.21,93,12,4.23,RU,2021-03-23 19:18:43
569,Longview,32.5007,-94.7405,73.99,40,1,11.5,US,2021-03-23 19:18:43
570,Maridi,4.9158,29.4742,71.51,81,100,3.89,SS,2021-03-23 19:18:44
571,Saint-Joseph,-21.3667,55.6167,78.8,89,20,3.44,RE,2021-03-23 19:18:44
572,Jinxiang,27.4327,120.6062,52.05,92,100,8.93,CN,2021-03-23 19:18:45
573,Robe,-37.1833,139.75,62.24,93,100,11.7,AU,2021-03-23 19:18:45
574,Lerwick,60.1545,-1.1494,46.4,81,93,25.32,GB,2021-03-23 19:18:45
575,Dillon,34.4166,-79.3712,69.8,68,90,9.22,US,2021-03-23 19:18:46
576,South Venice,27.0531,-82.4243,73.0,64,1,10.36,US,2021-03-23 19:18:46
577,Chorozinho,-4.3003,-38.4978,79.0,88,75,8.05,BR,2021-03-23 19:18:46
